{"stats":{"minecraft:mined":{"examplemod:geloreblock":6},"minecraft:used":{"minecraft:diamond_pickaxe":6,"examplemod:geloreblock":9,"examplemod:rubber":1,"examplemod:skeleton_block":2},"minecraft:dropped":{"examplemod:gelore":1,"examplemod:structuregel":1},"minecraft:picked_up":{"examplemod:gelore":6,"examplemod:structuregel":1},"minecraft:custom":{"minecraft:jump":36,"minecraft:time_since_rest":6251,"minecraft:damage_dealt":10,"minecraft:crouch_one_cm":5,"minecraft:play_one_minute":6251,"minecraft:leave_game":19,"minecraft:sprint_one_cm":113,"minecraft:time_since_death":6251,"minecraft:walk_one_cm":12117,"minecraft:sneak_time":60,"minecraft:drop":2,"minecraft:fly_one_cm":1217}},"DataVersion":2567}